time_seconds,label
0.5,normal
1.3571428571428572,normal
2.2142857142857144,normal
3.0714285714285716,normal
3.9285714285714288,normal
4.7857142857142856,normal
5.6428571428571423,normal
6.4999999999999991,normal
7.3571428571428559,normal
8.2142857142857135,normal
9.0714285714285712,normal
9.9285714285714288,normal
