time_seconds,label
0.5,r
1.3571428571428572,r
2.2142857142857144,r
3.0714285714285716,r
3.9285714285714288,r
4.7857142857142856,r
5.6428571428571423,r
6.4999999999999991,r
7.3571428571428559,r
8.2142857142857135,r
9.0714285714285712,r
9.9285714285714288,r
